{
  "description": "Example webhook payloads for TradingView alerts",
  "buy_signal_example": {
    "signal": "BUY",
    "symbol": "BTCUSD",
    "time": "2026-01-21T12:45:00Z",
    "close": 42350.12,
    "adx": 24.7,
    "braid_color": "green",
    "bar_close": true,
    "tf": "15m",
    "extra": {
      "period1": 3,
      "period2": 7,
      "period3": 14
    }
  },
  "sell_signal_example": {
    "signal": "SELL",
    "symbol": "BTCUSD",
    "time": "2026-01-21T14:00:00Z",
    "close": 41850.50,
    "adx": 26.3,
    "braid_color": "red",
    "bar_close": true,
    "tf": "15m",
    "extra": {
      "period1": 3,
      "period2": 7,
      "period3": 14
    }
  },
  "tradingview_alert_setup": {
    "name": "Braid Filter Bot Alert",
    "condition": "Use the alertcondition() from the Pine script",
    "webhook_url": "https://your-server.com/webhook/tradingview",
    "message_format": "Use the JSON payload from the script's alert() call",
    "frequency": "Once per bar close",
    "expiration": "Open-ended"
  },
  "required_fields": {
    "signal": "BUY or SELL (required)",
    "symbol": "Trading pair symbol (required)",
    "close": "Candle close price (required)",
    "adx": "ADX strength value (required)",
    "braid_color": "green or red (required)",
    "bar_close": "Must be true for valid signals",
    "time": "ISO 8601 timestamp (optional, server will use current time if missing)",
    "tf": "Timeframe (optional, defaults to 15m)",
    "extra": "Additional indicator parameters (optional)"
  },
  "validation_rules": {
    "adx_must_be_above": 20,
    "braid_color_for_buy": "green",
    "braid_color_for_sell": "red",
    "blocked_window_utc": "22:00 to 00:00",
    "max_trades_per_day": 2
  }
}
